{"cameraMode":{"drawMode":0,"name":"Shaded","section":"Shading Mode"},"sceneLighting":false,"audioPlay":false,"sceneViewState":{"showFog":true,"showMaterialUpdate":true,"showSkybox":true,"showFlares":true,"showImageEffects":true,"showParticleSystems":true},"in2DMode":false,"pivot":{"x":-2.1193184852600099,"y":3.3334591388702394,"z":-9.514165878295899},"rotation":{"x":0.12291274964809418,"y":0.03688931465148926,"z":-0.004586770199239254,"w":0.9917384386062622},"size":0.8660253882408142,"orthographic":false}