{"cameraMode":{"drawMode":0,"name":"Shaded","section":"Shading Mode"},"sceneLighting":false,"audioPlay":false,"sceneViewState":{"showFog":true,"showMaterialUpdate":true,"showSkybox":true,"showFlares":true,"showImageEffects":true,"showParticleSystems":true},"in2DMode":false,"pivot":{"x":-2.408480405807495,"y":1.7617095708847047,"z":-10.871171951293946},"rotation":{"x":0.05278382822871208,"y":-0.006310648750513792,"z":0.00031858726288191974,"w":0.9986039996147156},"size":1.1660254001617432,"orthographic":false}