{"cameraMode":{"drawMode":0,"name":"Shaded","section":"Shading Mode"},"sceneLighting":false,"audioPlay":false,"sceneViewState":{"showFog":true,"showMaterialUpdate":true,"showSkybox":true,"showFlares":true,"showImageEffects":true,"showParticleSystems":true},"in2DMode":false,"pivot":{"x":-1.2635635137557984,"y":2.073593854904175,"z":-2.966740846633911},"rotation":{"x":0.028801407665014268,"y":0.014674228616058827,"z":-0.00044034156599082053,"w":0.9994943141937256},"size":5.700667381286621,"orthographic":false}