{"cameraMode":{"drawMode":0,"name":"Shaded","section":"Shading Mode"},"sceneLighting":false,"audioPlay":false,"sceneViewState":{"showFog":true,"showMaterialUpdate":true,"showSkybox":true,"showFlares":true,"showImageEffects":true,"showParticleSystems":true},"in2DMode":false,"pivot":{"x":-3.8352208137512209,"y":2.1510863304138185,"z":-11.58629322052002},"rotation":{"x":0.046776946634054187,"y":-0.025788620114326478,"z":0.001193027594126761,"w":0.9985898733139038},"size":1.1660254001617432,"orthographic":false}